<?xml version="1.0" encoding="UTF-8"?>
<project-private xmlns="http://www.netbeans.org/ns/project-private/1">
    <editor-bookmarks xmlns="http://www.netbeans.org/ns/editor-bookmarks/2" lastBookmarkId="0"/>
    <open-files xmlns="http://www.netbeans.org/ns/projectui-open-files/2">
        <group>
            <file>file:/C:/xampp/htdocs/tinymvc/README.md</file>
            <file>file:/C:/xampp/htdocs/tinymvc/controllers/PagesController.php</file>
            <file>file:/C:/xampp/htdocs/tinymvc/views/pages/welcome.phtml</file>
            <file>file:/C:/xampp/htdocs/tinymvc/views/pages/login.phtml</file>
            <file>file:/C:/xampp/htdocs/tinymvc/classes/View.php</file>
        </group>
    </open-files>
</project-private>
